"T","K2SiO3","K2Si2O5_-a,monoc"
273.0,0.22945882401379145,0.30135265934951516
2000.0,0.22945882401379145,0.30135265934951516
